﻿<?xml version="1.0" encoding="utf-8"?>
<manifest identifier="Networking" version="1.0" xmlns="http://www.imsproject.org/xsd/imscp_rootv1p1p2" xmlns:adlcp="http://www.adlnet.org/xsd/adlcp_rootv1p2" xmlns:xsi="http://www.w3.org/2001/XMLSchema-instance" xsi:schemaLocation="http://www.imsproject.org/xsd/imscp_rootv1p1p2 imscp_rootv1p1p2.xsd http://www.imsglobal.org/xsd/imsmd_rootv1p2p1 imsmd_rootv1p2p1.xsd http://www.adlnet.org/xsd/adlcp_rootv1p2 adlcp_rootv1p2.xsd">
  <metadata>
    <schema>ADL SCORM</schema>
    <schemaversion>1.2</schemaversion>
    <lom xmlns="http://www.imsglobal.org/xsd/imsmd_rootv1p2p1" xmlns:xsi="http://www.w3.org/2001/XMLSchema-instance" xsi:schemaLocation="http://www.imsglobal.org/xsd/imsmd_rootv1p2p1 imsmd_rootv1p2p1.xsd">
      <general>
        <title>
          <langstring xml:lang="x-none">Networking</langstring>
        </title>
      </general>
      <lifecycle>
        <version>
          <langstring xml:lang="x-none">1</langstring>
        </version>
        <status>
          <source>
            <langstring xml:lang="x-none">LOMv1.0</langstring>
          </source>
          <value>
            <langstring xml:lang="x-none">Final</langstring>
          </value>
        </status>
      </lifecycle>
      <metametadata>
        <metadatascheme>ADL SCORM 1.2</metadatascheme>
      </metametadata>
      <educational>
        <typicallearningtime>
          <datetime>PT0H0M0S</datetime>
        </typicallearningtime>
      </educational>
      <rights>
        <cost>
          <source>
            <langstring xml:lang="x-none">LOMv1.0</langstring>
          </source>
          <value>
            <langstring xml:lang="x-none">yes</langstring>
          </value>
        </cost>
        <copyrightandotherrestrictions>
          <source>
            <langstring xml:lang="x-none">LOMv1.0</langstring>
          </source>
          <value>
            <langstring xml:lang="x-none">yes</langstring>
          </value>
        </copyrightandotherrestrictions>
      </rights>
    </lom>
  </metadata>
  <organizations default="Networking_ORG">
    <organization identifier="Networking_ORG">
      <title>Networking</title>
      <item identifier="Networking_SCO" isvisible="true" identifierref="_Networking_RES">
        <title>Networking</title>
      </item>
    </organization>
  </organizations>
  <resources>
    <resource identifier="_Networking_RES" type="webcontent" href="index_lms.html" adlcp:scormtype="sco">
      <file href="story_content/thumbnail.jpg" />
      <file href="mobile/5UlM0yYncz2_P_697_0_1381_759_DX3134_DY3134_CX1382_CY759.png" />
      <file href="story_content/6HduYi3ARQs_44100_56_0.mp3" />
      <file href="mobile/5usDVUgUclP_DX74_DY74_CX37_CY15.png" />
      <file href="mobile/6VZOMflbvkx_DX74_DY74_CX37_CY19.png" />
      <file href="mobile/6dL1MDZYT7d_P_471_0_556_843_DX1162_DY1162_CX557_CY843.png" />
      <file href="mobile/6Ews1Cvp4HF_P_373_0_577_843_DX1160_DY1160_CX577_CY843.png" />
      <file href="mobile/6IOGoPjHi2Z_P_438_30_128_117_DX44_DY44_CX33_CY30.png" />
      <file href="mobile/6dL1MDZYT7d_B100_P_471_0_556_843_DX1162_DY1162_CX557_CY843.png" />
      <file href="mobile/6Ews1Cvp4HF_RA0C8FF_P_373_0_577_843_DX1160_DY1160_CX577_CY843.png" />
      <file href="mobile/5stcmyfdion_DX1394_DY1394_CX1045_CY595.png" />
      <file href="mobile/6qSezMgghBR_DX104_DY104_CX77_CY51.jpg" />
      <file href="mobile/5spZxDo3bs5_X_P_0_24_406_875_DX1046_DY1046_CX342_CY736.png" />
      <file href="story_content/5m997usYODE_44100_56_0.mp3" />
      <file href="mobile/5pTSpq7nby7_X_DX774_DY774_CX484_CY580.png" />
      <file href="mobile/5fSq7fmdd6h_X_P_0_0_764_341_DX1162_DY1162_CX764_CY341.png" />
      <file href="mobile/5sCX8LGHs8b_X_RG_P_0_173_1874_954_DX2236_DY2236_CX1534_CY781.png" />
      <file href="story_content/5uJ0cni9VR7_44100_56_0.mp3" />
      <file href="mobile/5geosD52IfO_C30_RG_P_-3_308_2048_639_DX2056_DY2056_CX1539_CY481.png" />
      <file href="mobile/6ILwyCYicDF_DX274_DY274_CX203_CY78.png" />
      <file href="mobile/5qYcYx0hrpU_DX790_DY790_CX522_CY592.png" />
      <file href="mobile/66rSGbamGxp_P_0_0_640_446_DX1042_DY1042_CX640_CY447.png" />
      <file href="mobile/6plSZxiQoRr_DX820_DY820_CX614_CY499.png" />
      <file href="mobile/5l4RuWLTLaK_DX870_DY870_CX652_CY418.png" />
      <file href="story_content/6VmwOSgnjlG_44100_56_0.mp3" />
      <file href="story_content/5uXX4LHxBME_44100_56_0.mp3" />
      <file href="story_content/6d7DLsJyp6Y_44100_56_0.mp3" />
      <file href="story_content/67eO0FZSaeE_44100_56_0.mp3" />
      <file href="mobile/6lJmsuGNd5J_P_83_562_1512_632_DX2768_DY2768_CX1199_CY501.png" />
      <file href="story_content/6WDRRjSwqiF_44100_56_0.mp3" />
      <file href="mobile/6PRbGGHJjTY_Y_P_68_-68_406_756_DX1514_DY1514_CX407_CY757.png" />
      <file href="story_content/5e6WcFkLFpl_44100_56_0.mp3" />
      <file href="mobile/5sWwpvzNoAO_P_0_233_2170_940_DX2438_DY2438_CX1592_CY690.png" />
      <file href="story_content/6OSXNQnkbnQ_44100_56_0.mp3" />
      <file href="mobile/69V9dNwMPx2_P_0_-5_289_348_DX1192_DY1192_CX280_CY337.png" />
      <file href="mobile/6YpxgaKUjmf_P_820_0_214_359_DX1316_DY1316_CX205_CY343.png" />
      <file href="mobile/5uWBn1Het6Z_P_0_0_518_483_DX962_DY962_CX367_CY342.png" />
      <file href="mobile/69Kt8yCXjgz_P_0_0_439_525_DX814_DY814_CX286_CY342.png" />
      <file href="story_content/64SK7IzidHc_44100_56_0.mp3" />
      <file href="story_content/5cxxPrbw91e_44100_56_0.mp3" />
      <file href="story_content/608G2lGrgVu_44100_56_0.mp3" />
      <file href="story_content/5tt4dbwszW7_44100_56_0.mp3" />
      <file href="story_content/video_6jZ4TWsrQLs_18_56_712x400.mp4" />
      <file href="mobile/poster_6L45oL3EDHl_video_6jZ4TWsrQLs_18_56_712x400.jpg" />
      <file href="mobile/6QEWnzd84O5_DX766_DY766_CX383_CY382.png" />
      <file href="story_content/5goLEvm86kn_44100_56_0.mp3" />
      <file href="mobile/5hL2ql65dzG_P_0_559_960_160_DX1920_DY1920_CX486_CY81.png" />
      <file href="story_content/6oOx8e6HwTG_44100_56_0.mp3" />
      <file href="mobile/6B4tswwOLMg_P_15_0_1470_463_DX1584_DY1584_CX1162_CY366.png" />
      <file href="mobile/5qYcYx0hrpU_DX790_DY790_CX250_CY283.png" />
      <file href="story_content/6fFvAPHmDD8_44100_56_0.mp3" />
      <file href="story_content/5cHTf9OxOQ7_44100_56_0.mp3" />
      <file href="mobile/6TcEOOiuVEA_DX890_DY890_CX202_CY282.png" />
      <file href="story_content/6aqR9IvUy7f_44100_56_0.mp3" />
      <file href="mobile/5uRXZlqh4y6_P_0_0_268_621_DX606_DY606_CX144_CY334.png" />
      <file href="story_content/60o8Gi6yEOJ_44100_56_0.mp3" />
      <file href="mobile/66rSGbamGxp_P_0_0_559_552_DX1042_DY1042_CX247_CY244.png" />
      <file href="story_content/60rhEwioxRN_44100_56_0.mp3" />
      <file href="mobile/6Pp0pItiT1J_RG_P_462_0_1452_1356_DX1550_DY1550_CX825_CY770.png" />
      <file href="mobile/6f2U9Emdxya_DX592_DY592_CX367_CY442.png" />
      <file href="story_content/5Y9feWP51wu_44100_56_0.mp3" />
      <file href="story_content/video_5ogL9EEd0bj_18_56_712x400.mp4" />
      <file href="mobile/poster_6BkJPQuLUZM_video_5ogL9EEd0bj_18_56_712x400.jpg" />
      <file href="mobile/5hL2ql65dzG_P_0_559_960_160_DX1920_DY1920_CX960_CY160.png" />
      <file href="mobile/6WFYKw6yHOq_DX804_DY804_CX537_CY603.png" />
      <file href="mobile/5oZC00SUZX3_DX720_DY720_CX539_CY174.png" />
      <file href="mobile/5cQzpkSns8N_DX240_DY240_CX180_CY180.png" />
      <file href="mobile/6QLMCtcBWKT_DX464_DY464_CX348_CY348.png" />
      <file href="story_content/6YfO321bZop_44100_56_0.mp3" />
      <file href="mobile/6AY024ugwUR_DX956_DY956_CX716_CY553.png" />
      <file href="story_content/6Y5ZlZEbdTd_44100_56_0.mp3" />
      <file href="story_content/6KVFY3KwTqw_44100_56_0.mp3" />
      <file href="mobile/6EgFdpMk7Sq_C30_RG_P_0_544_2048_710_DX2048_DY2048_CX1533_CY532.png" />
      <file href="mobile/5vZp4xa52UU_DX654_DY654_CX327_CY325.png" />
      <file href="mobile/69V9dNwMPx2_X_DX1192_DY1192_CX214_CY683.png" />
      <file href="mobile/6TcEOOiuVEA_DX890_DY890_CX477_CY667.png" />
      <file href="mobile/6YpxgaKUjmf_DX1316_DY1316_CX593_CY477.png" />
      <file href="mobile/5kaXxFJ7zTG_B27_RG_P_0_172_2048_1025_DX2060_DY2060_CX1545_CY774.png" />
      <file href="mobile/6Td4oW3wuey_X_DX892_DY892_CX343_CY668.png" />
      <file href="story_content/6BINpjnkVcd_44100_56_0.mp3" />
      <file href="meta.xml" />
      <file href="story_content/user.js" />
      <file href="story_content/external_files/Your Network.docx" />
      <file href="story_content/external_files/Conduct an Effective Meeting Guide.docx" />
      <file href="story_content/external_files/Development Planning Template.docx" />
      <file href="story_content/external_files/Preparing for your Career Conversation.docx" />
      <file href="mobile/Slide6mGjJAVc5eh.png" />
      <file href="mobile/Shape6I5jF6cZL4P.png" />
      <file href="mobile/Shape5YACKyXS6jA.png" />
      <file href="mobile/Shape6LufgLHtRb6.png" />
      <file href="mobile/Shape5jGyfcysjFn.png" />
      <file href="mobile/Shape6PyPYjw7loF.png" />
      <file href="mobile/Shape6O5LAzW6Ion.png" />
      <file href="mobile/Shape6E34GE94lse.png" />
      <file href="mobile/Shape6mnsKtk9fxE.png" />
      <file href="mobile/Shape6mbgfnXOpbX.png" />
      <file href="mobile/Shape5Wgcs8omzo0.png" />
      <file href="mobile/txt__default_5qQ6lH97nXw.png" />
      <file href="mobile/Shape5XMH6almkVb.png" />
      <file href="mobile/Shape6P5bpK8vBDt.png" />
      <file href="mobile/Slide6rEMRsYQMoY.png" />
      <file href="mobile/Shape5oE7FIJbBjW.png" />
      <file href="mobile/Shape64rfmsNsKur.png" />
      <file href="mobile/Shape5vfORccLwkN.png" />
      <file href="mobile/Shape5cTzFCrkwfX.png" />
      <file href="mobile/Shape5wjXAA4jria.png" />
      <file href="mobile/Shape6biaIdAaaml.png" />
      <file href="mobile/Slide5f1U1T9zLUL.png" />
      <file href="mobile/Shape6NjHxCVbleL.png" />
      <file href="mobile/Shape5aD2s733HO6.png" />
      <file href="mobile/Shape5nAElAtxBZM.png" />
      <file href="mobile/Shape5lKKeXCx2wE.png" />
      <file href="mobile/Shape5cODxFIyqAW.png" />
      <file href="mobile/Shape5dcFa3bEzk9.png" />
      <file href="mobile/Shape6X170tIGXLL.png" />
      <file href="mobile/Shape6jBuO1zcHTn.png" />
      <file href="mobile/Shape6htRHc4qD6N.png" />
      <file href="mobile/Shape6P500goUAN5.png" />
      <file href="mobile/Shape5z0Cwv2Ifnz.png" />
      <file href="mobile/Shape5yulnSwsWh2.png" />
      <file href="mobile/Shape5yKEIL8bhpb.png" />
      <file href="mobile/Shape6fpQMI5vKLc.png" />
      <file href="mobile/Shape6mcGxauQgUD.png" />
      <file href="mobile/Shape6iYkO8Y8GlZ.png" />
      <file href="mobile/Slide64sXs9DCU53.png" />
      <file href="mobile/Shape5wWJI5ybw9Y.png" />
      <file href="mobile/Shape6OxiWCrwgNR.png" />
      <file href="mobile/Shape6GUMrbyXpd1.png" />
      <file href="mobile/Shape5uyKPnPEsTQ.png" />
      <file href="mobile/Shape5qb74EWYoP7.png" />
      <file href="mobile/Shape5ynYAjOpe7A.png" />
      <file href="mobile/Shape6OfnSj1oB9V.png" />
      <file href="mobile/Shape6O7lUAkDUOv.png" />
      <file href="mobile/Shape6cQwiIlTsMu.png" />
      <file href="mobile/Shape6FrPMrwmkf9.png" />
      <file href="mobile/Shape6m3IF48u68x.png" />
      <file href="mobile/Shape6NE8KeDDYd2.png" />
      <file href="mobile/Shape6N6JtIZFk2V.png" />
      <file href="mobile/Shape6eLiizpBaoY.png" />
      <file href="mobile/Shape6LDB63j83ra.png" />
      <file href="mobile/Shape5yqmxMFD33g.png" />
      <file href="mobile/Shape5VbcftJs9rl.png" />
      <file href="mobile/Shape6NWRHQ6vatQ.png" />
      <file href="mobile/Shape5wiJGG1KTF2.png" />
      <file href="mobile/Shape6CQcGU875fr.png" />
      <file href="mobile/Shape6M6mUK8yGBg.png" />
      <file href="mobile/Shape6GlHvJEjaAF.png" />
      <file href="mobile/Shape6StOTeF2O8p.png" />
      <file href="mobile/Shape5iwbBgwkh1J.png" />
      <file href="mobile/Shape5oQdgBPHFc3.png" />
      <file href="mobile/Shape6ASX8CfSl45.png" />
      <file href="mobile/Shape5V8J3FZp2XM.png" />
      <file href="mobile/Shape6LXTy08G9s1.png" />
      <file href="mobile/Shape5hUFc1eSUFz.png" />
      <file href="mobile/Shape6XGlIwrbzgc.png" />
      <file href="mobile/Shape5uSrmY1RVBW.png" />
      <file href="mobile/Shape6PQ5Z4JkHTE.png" />
      <file href="mobile/Shape6H9ND2aAt5Y.png" />
      <file href="mobile/Shape6KLZ989MflN.png" />
      <file href="mobile/Shape5c1W4MTw0me.png" />
      <file href="mobile/Shape6ekh0XyyTAa.png" />
      <file href="mobile/Shape61fITk2acV3.png" />
      <file href="mobile/Shape6BZUB3G54yK.png" />
      <file href="mobile/Shape6XOlzmP8O8A.png" />
      <file href="mobile/Shape6n2xMSKWtoR.png" />
      <file href="html5/data/css/output.min.css" />
      <file href="html5/data/js/5b5vyYxYkeB.js" />
      <file href="html5/data/js/5f4MxTRWEhr.js" />
      <file href="html5/data/js/5gayu0UCvX2.js" />
      <file href="html5/data/js/5i0K27dP9AX.js" />
      <file href="html5/data/js/5l5s4769AaT.js" />
      <file href="html5/data/js/5neqXnJrLGP.js" />
      <file href="html5/data/js/5vSq3wX8GaF.js" />
      <file href="html5/data/js/5wE2t0Xztb4.js" />
      <file href="html5/data/js/5wZwiSEc2Id.js" />
      <file href="html5/data/js/5YWdfv2AgHq.js" />
      <file href="html5/data/js/62n1N9LN6gE.js" />
      <file href="html5/data/js/6AgR7LTjRW7.js" />
      <file href="html5/data/js/6BFVpWqv2T4.js" />
      <file href="html5/data/js/6dahiBwFABU.js" />
      <file href="html5/data/js/6DH4cFoX005.js" />
      <file href="html5/data/js/6DOSe835P3u.js" />
      <file href="html5/data/js/6gdY1hLml0N.js" />
      <file href="html5/data/js/6gqxDR7XUrL.js" />
      <file href="html5/data/js/6h6wdvW97E5.js" />
      <file href="html5/data/js/6In26xdJ6HR.js" />
      <file href="html5/data/js/6lF1sC5teAV.js" />
      <file href="html5/data/js/6lxWyUw5Nv7.js" />
      <file href="html5/data/js/6MdfqAvZYiW.js" />
      <file href="html5/data/js/6MGOnpDzXQ5.js" />
      <file href="html5/data/js/6Qq00EWfIz6.js" />
      <file href="html5/data/js/6Wk1Q0mzVdU.js" />
      <file href="html5/data/js/6XPmeQoMtWj.js" />
      <file href="html5/data/js/data.js" />
      <file href="html5/data/js/frame.js" />
      <file href="html5/data/js/paths.js" />
      <file href="html5/lib/scripts/ds-bootstrap.min.js" />
      <file href="html5/lib/scripts/ds-frame.desktop.min.js" />
      <file href="html5/lib/scripts/ds-frame.mobile.min.js" />
      <file href="html5/lib/scripts/ds-slides.min.js" />
      <file href="html5/lib/stylesheets/desktop.min.css" />
      <file href="html5/lib/stylesheets/mobile.min.css" />
      <file href="html5/lib/stylesheets/mobile-fonts/open-sans-bold.woff" />
      <file href="html5/lib/stylesheets/mobile-fonts/open-sans-light.woff" />
      <file href="html5/lib/stylesheets/mobile-fonts/open-sans-regular.woff" />
      <file href="analytics-frame.html" />
      <file href="story.html" />
      <file href="index_lms.html" />
      <file href="lms/AICCComm.html" />
      <file href="lms/blank.html" />
      <file href="lms/browsersniff.js" />
      <file href="lms/goodbye.html" />
      <file href="lms/indexAPI.html" />
      <file href="lms/scormdriver.js" />
    </resource>
  </resources>
</manifest>